PLAYER_NAME,url
Cedi Osman ,https://www.basketball-reference.com/players/o/osmande01.html
Clint Capela ,https://www.basketball-reference.com/players/c/capelca01.html
Luc Richard Mbah a Moute ,https://www.basketball-reference.com/players/m/mbahalu01.html
Metta World Peace ,https://www.basketball-reference.com/players/a/artesro01.html
Anthony Davis ,https://www.basketball-reference.com/players/d/davisan02.html
Kawhi Leonard ,https://www.basketball-reference.com/players/l/leonaka01.html
Joakim Noah ,https://www.basketball-reference.com/players/n/noahjo01.html
Brandon Knight ,https://www.basketball-reference.com/players/k/knighbr03.html
Tobias Harris ,https://www.basketball-reference.com/players/h/harrito02.html
Omer Asik ,https://www.basketball-reference.com/players/a/asikom01.html
Greg Monroe ,https://www.basketball-reference.com/players/m/monrogr01.html
Miles Plumlee ,https://www.basketball-reference.com/players/p/plumlmi01.html
Kemba Walker ,https://www.basketball-reference.com/players/w/walkeke02.html
Solomon Hill ,https://www.basketball-reference.com/players/h/hillso01.html
Tony Parker ,https://www.basketball-reference.com/players/p/parketo01.html
Austin Rivers ,https://www.basketball-reference.com/players/r/riverau01.html
Nikola Mirotic ,https://www.basketball-reference.com/players/m/mirotni01.html
Josh McRoberts ,https://www.basketball-reference.com/players/m/mcrobjo01.html
Jabari Parker ,https://www.basketball-reference.com/players/p/parkeja01.html
Joe Johnson ,https://www.basketball-reference.com/players/j/johnsjo02.html
Langston Galloway ,https://www.basketball-reference.com/players/g/gallola01.html
Alexis Ajinca ,https://www.basketball-reference.com/players/a/ajincal01.html
Brandan Wright ,https://www.basketball-reference.com/players/w/wrighbr03.html
Dante Exum ,https://www.basketball-reference.com/players/e/exumda01.html
Jason Smith ,https://www.basketball-reference.com/players/s/smithja02.html
Doug McDermott ,https://www.basketball-reference.com/players/m/mcderdo01.html
Zach LaVine ,https://www.basketball-reference.com/players/l/lavinza01.html
Stanley Johnson ,https://www.basketball-reference.com/players/j/johnsst04.html
Lance Stephenson ,https://www.basketball-reference.com/players/s/stephla01.html
Kris Dunn ,https://www.basketball-reference.com/players/d/dunnkr01.html
Buddy Hield ,https://www.basketball-reference.com/players/h/hieldbu01.html
Ekpe Udoh ,https://www.basketball-reference.com/players/u/udohek01.html
Cameron Payne ,https://www.basketball-reference.com/players/p/payneca01.html
Seth Curry ,https://www.basketball-reference.com/players/c/curryse01.html
Eric Moreland ,https://www.basketball-reference.com/players/m/moreler01.html
Jerian Grant ,https://www.basketball-reference.com/players/g/grantje02.html
Troy Williams ,https://www.basketball-reference.com/players/w/willitr02.html
Justin Anderson ,https://www.basketball-reference.com/players/a/anderju01.html
Quincy Acy ,https://www.basketball-reference.com/players/a/acyqu01.html
Walter Tavares ,https://www.basketball-reference.com/players/t/tavarwa01.html
Brice Johnson ,https://www.basketball-reference.com/players/j/johnsbr02.html
Randy Foye ,https://www.basketball-reference.com/players/f/foyera01.html
Damian Jones ,https://www.basketball-reference.com/players/j/jonesda03.html
Andrew Bogut ,https://www.basketball-reference.com/players/b/bogutan01.html
Kris Humphries ,https://www.basketball-reference.com/players/h/humphkr01.html
Kendrick Perkins ,https://www.basketball-reference.com/players/p/perkike01.html
Emeka Okafor ,https://www.basketball-reference.com/players/o/okafoem01.html
Joel Anthony ,https://www.basketball-reference.com/players/a/anthojo01.html
Beno Udrih ,https://www.basketball-reference.com/players/u/udrihbe01.html
Udonis Haslem ,https://www.basketball-reference.com/players/h/hasleud01.html
Jeff Green ,https://www.basketball-reference.com/players/g/greenje02.html
Brandon Rush ,https://www.basketball-reference.com/players/r/rushbr01.html
Damien Wilkins ,https://www.basketball-reference.com/players/w/wilkida02.html
Anthony Morrow ,https://www.basketball-reference.com/players/m/morroan01.html
Josh Childress ,https://www.basketball-reference.com/players/c/childjo01.html
Christian Wood ,https://www.basketball-reference.com/players/w/woodch01.html
Jeremy Evans ,https://www.basketball-reference.com/players/e/evansje01.html
Donald Sloan ,https://www.basketball-reference.com/players/s/sloando01.html
Anthony Bennett ,https://www.basketball-reference.com/players/b/bennean01.html
John Jenkins ,https://www.basketball-reference.com/players/j/jenkijo01.html
Archie Goodwin ,https://www.basketball-reference.com/players/g/goodwar01.html
James Jones ,https://www.basketball-reference.com/players/j/jonesja02.html
Elijah Millsap ,https://www.basketball-reference.com/players/m/millsel01.html
Kendall Marshall ,https://www.basketball-reference.com/players/m/marshke01.html
Julyan Stone ,https://www.basketball-reference.com/players/s/stoneju01.html
Perry Jones III ,https://www.basketball-reference.com/players/j/jonespe01.html
James Young ,https://www.basketball-reference.com/players/y/youngja01.html
KJ McDaniels ,https://www.basketball-reference.com/players/m/mcdankj01.html
Damjan Rudez ,https://www.basketball-reference.com/players/r/rudezda01.html
Shane Larkin ,https://www.basketball-reference.com/players/l/larkish01.html
Briante Weber ,https://www.basketball-reference.com/players/w/weberbr01.html
Maalik Wayns ,https://www.basketball-reference.com/players/w/waynsma01.html
Davis Bertans ,https://www.basketball-reference.com/players/b/bertada01.html
Bobby Brown ,https://www.basketball-reference.com/players/b/brownbo02.html
Brandon Jennings ,https://www.basketball-reference.com/players/j/jennibr01.html
Thomas Robinson ,https://www.basketball-reference.com/players/r/robinth01.html
Donatas Motiejunas ,https://www.basketball-reference.com/players/m/motiedo01.html
Deron Williams ,https://www.basketball-reference.com/players/w/willide01.html
Matt Barnes ,https://www.basketball-reference.com/players/b/barnema02.html
Derrick Williams ,https://www.basketball-reference.com/players/w/willide02.html
Dahntay Jones ,https://www.basketball-reference.com/players/j/jonesda02.html
