Jarrett Allen ,2016
Kyle Kuzma ,2016
James Harden ,2016
John Wall ,2016
Markelle Fultz ,2016
Lonzo Ball ,2016
Jayson Tatum ,2016
Josh Jackson ,2016
De'Aaron Fox ,2016
Laui Markkanen ,2016
Frank Ntilinkina ,2016
Dennis Smith Jr. ,2016
Zach Collins ,2016
Malik Monk ,2016
Luke Kennard ,2016
Donovan Mitchell ,2016
Edrice Adebayo ,2016
Justin Jackson ,2016
Guerschon Yabusele ,2016
DJ Wilson ,2016
TJ Leaf ,2016
John Collins ,2016
Harry Giles ,2016
Terrance Ferguson ,2016
Ante Zizic ,2016
OG Anunoby ,2016
Tyler Lydon ,2016
Caleb Swanigan ,2016
Tony Bradley ,2016
Derrick White ,2016
Josh Hart ,2016
Furkan Korkmaz ,2016
Russell Westbrook ,2016
Paul Millsap ,2016
T.J. Warren ,2016
James Johnson ,2016
Josh Richardson ,2016
Ben Simmons ,2016
Brandon Ingram ,2016
Jaylen Brown ,2016
Jonathan Isaac ,2016
Dragan Bender ,2016
Kris Dunn ,2016
Buddy Hield ,2016
Marquese Chriss ,2016
Jakob Poeltl ,2016
Thon Maker ,2016
Dirk Nowitzki ,2016
Domantas Sabonis ,2016
Dario Saric ,2016
Taurean Prince ,2016
Georgios Papagiannis ,2016
Denzel Valentine ,2016
Abdel Nader ,2016
Wade Baldwin ,2016
Henry Ellenson ,2016
Caris LeVert ,2016
DeAndre' Bembry ,2016
Malachi Richardson ,2016
Timothe Luwawu-Cabarrot ,2016
Brice Johnson ,2016
Damian Jones ,2016
Pascal Siakam ,2016
Skal Labissiere ,2016
Dejounte Murray ,2016
Ivan Rabb ,2016
Rade Zagorac ,2016
Jawun Evans ,2016
Mario Chalmers ,2016
Jordan Mickey ,2016
Marshall Plumlee ,2016
Maxi Kleber ,2016
Justin Patton ,2016
Michael Carter-Williams ,2016
Stephen Curry ,2016
Blake Griffin ,2016
Jrue Holiday ,2016
Gordon Hayward ,2016
C.J. McCollum ,2016
Otto Porter Jr. ,2016
Rudy Gobert ,2016
Kyle Lowry ,2016
Steven Adams ,2016
Giannis Antetokounmpo ,2016
Victor Oladipo ,2016
Tim Hardaway Jr. ,2016
Dennis Schröder ,2016
Serge Ibaka ,2016
Danilo Gallinari ,2016
Gorgui Dieng ,2016
George Hill ,2016
Jeff Teague ,2016
Cody Zeller ,2016
Dion Waiters ,2016
Joe Ingles ,2016
Kevin Durant ,2016
Kelly Olynyk ,2016
Patrick Mills ,2016
Pau Gasol ,2016
Andre Iguodala ,2016
Tony Snell ,2016
Mason Plumlee ,2016
Cristiano Felicio ,2016
P.J. Tucker ,2016
Andre Roberson ,2016
Taj Gibson ,2016
Nikola Mirotic ,2016
Bogdan Bogdanovic ,2016
C.J. Miles ,2016
Zach Randolph ,2016
Shaun Livingston ,2016
J.J. Redick ,2016
Kyle Korver ,2016
Bojan Bogdanovic ,2016
Langston Galloway ,2016
Darren Collison ,2016
Jonathon Simmons ,2016
Kentavious Caldwell-Pope ,2016
Rudy Gay ,2016
Alan Williams ,2016
JaMychal Green ,2016
Patrick Patterson ,2016
Dewayne Dedmon ,2016
Milos Teodosic ,2016
Shelvin Mack ,2016
Amir Johnson ,2016
Nene Hilario ,2016
Ben McLemore ,2016
Thabo Sefolosha ,2016
Jamal Murray ,2016
Mike Muscala ,2016
Justin Holiday ,2016
Jamal Crawford ,2016
Ron Baker ,2016
Cedi Osman ,2016
Jonas Jerebko ,2016
Lance Stephenson ,2016
Vince Carter ,2016
Jodie Meeks ,2016
Ekpe Udoh ,2016
Juan Hernangomez ,2016
Semi Ojeleye ,2016
Ersan Ilyasova ,2016
Zhou Qi ,2016
Davon Reed ,2016
Eric Moreland ,2016
Nick Young ,2016
Reggie Bullock ,2016
Manu Ginobili ,2016
Troy Williams ,2016
Aron Baynes ,2016
Darius Miller ,2016
Alex Len ,2016
Nerlens Noel ,2016
Frank Mason ,2016
Wesley Iwundu ,2016
Ike Anigbogu ,2016
Frank Jackson ,2016
Dwayne Bacon ,2016
Sterling Brown ,2016
Sindarius Thornwell ,2016
Royce O'Neal ,2016
Tyler Zeller ,2016
Zaza Pachulia ,2016
Derrick Jones Jr. ,2016
Shabazz Muhammad ,2016
Jeff Withey ,2016
Rajon Rondo ,2016
Tyreke Evans ,2016
Anthony Tolliver ,2016
Tarik Black ,2016
Joffrey Lauvergne ,2016
Tyler Ennis ,2016
Wayne Selden ,2016
Quinn Cook ,2016
Diamond Stone ,2016
Jason Terry ,2016
Andrew Bogut ,2016
Gerald Green ,2016
Kris Humphries ,2016
Kendrick Perkins ,2016
Emeka Okafor ,2016
Joel Anthony ,2016
Martell Webster ,2016
Beno Udrih ,2016
Tony Allen ,2016
Dwyane Wade ,2016
Jarrett Jack ,2016
Raymond Felton ,2016
Arron Afflalo ,2016
Udonis Haslem ,2016
Ramon Sessions ,2016
David West ,2016
Nick Collison ,2016
Jeff Green ,2016
Jose Calderon ,2016
Dante Cunningham ,2016
Tyler Dorsey ,2016
Thomas Bryant ,2016
Cameron Oliver ,2016
Daniel Theis ,2016
Alfonzo McKinnie ,2016
Khem Birch ,2016
Dakari Johnson ,2016
Brandon Paul ,2016
Jordan Bell ,2016
Brandon Rush ,2016
Aaron Brooks ,2016
Luc Richard Mbah a Moute ,2016
Damien Wilkins ,2016
Marreese Speights ,2016
JaVale McGee ,2016
Anthony Morrow ,2016
Michael Beasley ,2016
Josh Childress ,2016
Derrick Rose ,2016
Omri Casspi ,2016
Luke Babbitt ,2016
Jeremy Evans ,2016
Donald Sloan ,2016
Mike Scott ,2016
Christapher Johnson ,2016
Anthony Bennett ,2016
John Jenkins ,2016
Isaiah Canaan ,2016
Archie Goodwin ,2016
Ian Clark ,2016
Willie Reed ,2016
Kendall Marshall ,2016
Jarell Eddie ,2016
Perry Jones III ,2016
James Young ,2016
K.J. McDaniels ,2016
Damjan Rudez ,2016
Shane Larkin ,2016
Markel Brown ,2016
Briante Weber ,2016
Maalik Wayns ,2016
Vander Blue ,2016
Jarrod Uthoff ,2016
Bobby Brown ,2016
Cliff Alexander ,2016
DeQuan Jones ,2016
Carrick Felix ,2016
Michael Gbinije ,2016
Georges Niang ,2016
Kyle Wiltjer ,2016
Marcus Georges-Hunt ,2016
Kalin Lucas ,2016
Larry Drew II ,2016
Stephen Zimmerman ,2016
Kennedy Meeks ,2016
L.J. Peak ,2016
George De Paula ,2016
Jeremy Morgan ,2016
Luke Petrasek ,2016
Derek Willis ,2016
Matt Williams ,2016
Erik McCree ,2016
Landry Nnoko ,2016
Jeremy Senglin ,2016
Milton Doyle ,2016
Jordan Mathews ,2016
Alex Hamilton ,2016
Andy Rautins ,2016
Jaylen Johnson ,2016
Jacob Pullen ,2016
Akil Mitchell ,2016
Bryce Alford ,2016
Rashawn Thomas ,2016
Amida Brimah ,2016
Marcus Williams ,2016
Taylor Braun ,2016
Bronson Koenig ,2016
T.J. Williams ,2016
Trey McKinney-Jones ,2016
Isaiah Hicks ,2016
Tyrone Wallace ,2016
C.J. Williams ,2016
James Blackmon Jr. ,2016
Nigel Hayes ,2016
Ben Moore ,2016
Jamel Artis ,2016
Tyler Cavanaugh ,2016
Antonius Cleveland ,2016
Xavier Rathan-Mayes ,2016
Andrew White ,2016
Daniel Dixon ,2016
Troy Caupain ,2016
LaDontae Henton ,2016
Peter Jok ,2016
London Perrantes ,2016
Amile Jefferson ,2016
Matt Jones ,2016
Naz Long ,2016
Isaiah Briscoe ,2016
Melo Trimble ,2016
Terry Henderson ,2016
Gian Clavell ,2016
V.J. Beachem ,2016
Treveon Graham ,2016
Yogi Ferrell ,2016
Luke Kornet ,2016
Mike Conley ,2015
Damian Lillard ,2015
DeMar DeRozan ,2015
Anthony Davis ,2015
Bradley Beal ,2015
Andre Drummond ,2015
Nicolas Batum ,2015
James Harden ,2015
Al Horford ,2015
LeBron James ,2015
Hassan Whiteside ,2015
Harrison Barnes ,2015
Chandler Parsons ,2015
Russell Westbrook ,2015
Evan Fournier ,2015
Ryan Anderson ,2015
Allen Crabbe ,2015
Joakim Noah ,2015
Luol Deng ,2015
Bismack Biyombo ,2015
Dwight Howard ,2015
Evan Turner ,2015
Kent Bazemore ,2015
Ian Mahinmi ,2015
Timofey Mozgov ,2015
Jonas Valanciunas ,2015
J.R. Smith ,2015
Marvin Williams ,2015
Eric Gordon ,2015
Michael Kidd-Gilchrist ,2015
Miles Plumlee ,2015
Jordan Clarkson ,2015
Tyler Johnson ,2015
Courtney Lee ,2015
John Henson ,2015
Solomon Hill ,2015
Maurice Harkless ,2015
Jon Leuer ,2015
Meyers Leonard ,2015
Matthew Dellavedova ,2015
Jeremy Lin ,2015
Dwight Powell ,2015
Austin Rivers ,2015
E'Twaun Moore ,2015
Terrence Ross ,2015
Mirza Teletovic ,2015
Jared Dudley ,2015
Al Jefferson ,2015
D.J. Augustin ,2015
Lance Thomas ,2015
Jerryd Bayless ,2015
Garrett Temple ,2015
Darrell Arthur ,2015
Cole Aldrich ,2015
Joe Johnson ,2015
Jeremy Lamb ,2015
Boban Marjanovic ,2015
Kyle Singler ,2015
Trevor Booker ,2015
Ishmael Smith ,2015
Karl-Anthony Towns ,2015
Wesley Johnson ,2015
Alex Abrines ,2015
D'Angelo Russell ,2015
Jason Smith ,2015
Jahlil Okafor ,2015
Wayne Ellington ,2015
Mario Hezonja ,2015
Willie Cauley-Stein ,2015
Troy Daniels ,2015
Emmanuel Mudiay ,2015
Tomas Satoransky ,2015
Stanley Johnson ,2015
Frank Kaminsky ,2015
Malik Beasley ,2015
Richard Jefferson ,2015
Devin Booker ,2015
Cameron Payne ,2015
Kelly Oubre ,2015
James Ennis ,2015
Seth Curry ,2015
Mindaugas Kuzminskas ,2015
Willy Hernangomez ,2015
Terry Rozier ,2015
Rashad Vaughn ,2015
Sam Dekker ,2015
Malcom Delaney ,2015
Jerian Grant ,2015
Delon Wright ,2015
Isaiah Whitehead ,2015
Justin Anderson ,2015
Bobby Portis ,2015
Rondae Hollis-Jefferson ,2015
Tim Frazier ,2015
Nikola Jokic ,2015
Tyus Jones ,2015
Tyler Ulis ,2015
Deyonta Davis ,2015
Jarell Martin ,2015
Paul Zipser ,2015
Chris McCullough ,2015
Larry Nance Jr. ,2015
Josh Huestis ,2015
Kevon Looney ,2015
Quincy Acy ,2015
Ivica Zubac ,2015
Richaun Holmes ,2015
Walter Tavares ,2015
Isaiah Taylor ,2015
Andrew Harrison ,2015
Malcolm Brogdon ,2015
Spencer Dinwiddie ,2015
A.J. Hammons ,2015
Jake Layman ,2015
Joel Bolomboy ,2015
Randy Foye ,2015
Rodney McGruder ,2015
Semaj Christon ,2015
Cheick Diallo ,2015
Chinanu Onuaku ,2015
Kay Felder ,2015
Daniel Ochefu ,2015
Nicolas Brussino ,2015
Dorian Finney-Smith ,2015
T.J. McConnell ,2015
Joe Harris ,2015
Christian Wood ,2015
Jordan Crawford ,2015
Johnny O'Bryant ,2015
James Jones ,2015
Metta World Peace ,2015
Elijah Millsap ,2015
Julyan Stone ,2015
Okaro White ,2015
Sheldon McLellan ,2015
Fred VanVleet ,2015
Bryn Forbes ,2015
Tim Quarterman ,2015
Davis Bertans ,2015
Patrick McCaw ,2015
David Nwaba ,2015
Gary Payton II ,2015
Ty Lawson ,2015
Brandon Jennings ,2015
Thomas Robinson ,2015
Brian Roberts ,2015
Donatas Motiejunas ,2015
Deron Williams ,2015
Jose Calderon ,2015
Matt Barnes ,2015
Norris Cole ,2015
Derrick Williams ,2015
Dahntay Jones ,2015
Marc Gasol ,2014
Kevin Love ,2014
Kyrie Irving ,2014
Kawhi Leonard ,2014
Jimmy Butler ,2014
DeAndre Jordan ,2014
Goran Dragic ,2014
LaMarcus Aldridge ,2014
Tristan Thompson ,2014
Draymond Green ,2014
Reggie Jackson ,2014
Wesley Matthews ,2014
Enes Kanter ,2014
Brandon Knight ,2014
Khris Middleton ,2014
Klay Thompson ,2014
Tobias Harris ,2014
Brook Lopez ,2014
DeMarre Carroll ,2014
Omer Asik ,2014
Ricky Rubio ,2014
Robin Lopez ,2014
Thaddeus Young ,2014
Nikola Vucevic ,2014
Tyson Chandler ,2014
Greg Monroe ,2014
Kenneth Faried ,2014
Kemba Walker ,2014
Wilson Chandler ,2014
Tony Parker ,2014
Alec Burks ,2014
Danny Green ,2014
Iman Shumpert ,2014
Jae Crowder ,2014
Kosta Koufos ,2014
Markieff Morris ,2014
Al-Farouq Aminu ,2014
Cory Joseph ,2014
Corey Brewer ,2014
Patrick Beverley ,2014
Jabari Parker ,2014
Louis Williams ,2014
Alexis Ajinca ,2014
Ed Davis ,2014
Marcus Morris ,2014
Marco Belinelli ,2014
Kristaps Porzingis ,2014
Brandan Wright ,2014
Kyle O'Quinn ,2014
Jose Barea ,2014
Jameer Nelson ,2014
Nemanja Bjelica ,2014
Justise Winslow ,2014
Myles Turner ,2014
Will Barton ,2014
Trey Lyles ,2014
Joseph Young ,2014
Kyle Anderson ,2014
Glen Robinson III ,2014
Montrezl Harrell ,2014
Raul Neto ,2014
Jerami Grant ,2014
Norman Powell ,2014
Pat Connaughton ,2014
Josh Richardson ,2014
Salah Mejri ,2014
Sean Kilpatrick ,2014
Carmelo Anthony ,2013
Paul George ,2013
John Wall ,2013
Eric Bledsoe ,2013
DeMarcus Cousins ,2013
Marcin Gortat ,2013
Derrick Favors ,2013
Trevor Ariza ,2013
Channing Frye ,2013
Avery Bradley ,2013
Isaiah Thomas ,2013
Andrew Wiggins ,2013
Josh McRoberts ,2013
Joel Embiid ,2013
Aaron Gordon ,2013
Devin Harris ,2013
Dante Exum ,2013
Marcus Smart ,2013
Quincy Pondexter ,2013
Julius Randle ,2013
Nik Stauskas ,2013
Noah Vonleh ,2013
Elfrid Payton ,2013
Doug McDermott ,2013
Zach LaVine ,2013
T.J. Warren ,2013
Lucas Nogueira ,2013
Jusuf Nurkic ,2013
Gary Harris ,2013
Bruno Caboclo ,2013
Rodney Hood ,2013
Shabazz Napier ,2013
Clint Capela ,2013
Robert Covington ,2013
Chris Paul ,2012
Nerlens Noel ,2012
Trey Burke ,2012
